PLAYER|NAME|PHOTO
347100|Jonathan Cafu|https://img.a.transfermarkt.technology/portrait/header/347100-1648881189.png
166483|Wescley|https://img.a.transfermarkt.technology/portrait/header/166483-1580891586.jpg
518361|Matheus Peixoto|https://img.a.transfermarkt.technology/portrait/header/518361-1630527809.png
41052|Elton|https://img.a.transfermarkt.technology/portrait/header/s_41052_2646_2012_1.jpg
392809|Clayson|https://img.a.transfermarkt.technology/portrait/header/default.jpg
435253|Capixaba|https://img.a.transfermarkt.technology/portrait/header/default.jpg
742025|Guilherme Pato|https://img.a.transfermarkt.technology/portrait/header/default.jpg
378189|Lucas Ramon|https://img.a.transfermarkt.technology/portrait/header/378189-1624399048.jpg
672292|Joao Lucas|https://img.a.transfermarkt.technology/portrait/header/672292-1597913605.jpg
411563|Rafael Gava|https://img.a.transfermarkt.technology/portrait/header/411563-1561447763.jpg
349166|Chico|https://img.a.transfermarkt.technology/portrait/header/349166-1597996376.jpg
868101|Sorriso|https://img.a.transfermarkt.technology/portrait/header/868101-1642516262.jpg
77262|Michel Macedo|https://img.a.transfermarkt.technology/portrait/header/77262-1514884986.jpg
412594|Paulo Henrique|https://img.a.transfermarkt.technology/portrait/header/412594-1624540533.jpg
587328|Rafael Elias|https://img.a.transfermarkt.technology/portrait/header/587328-1613386751.jpg
538236|Felipe Marques|https://img.a.transfermarkt.technology/portrait/header/538236-1624452233.jpg
451338|Fernando Pacheco|https://img.a.transfermarkt.technology/portrait/header/451338-1597996250.jpg
128823|Elton|https://img.a.transfermarkt.technology/portrait/header/s_128823_7178_2012_1.jpg
592364|Alyson|https://img.a.transfermarkt.technology/portrait/header/592364-1624539838.jpg
80927|Eltinho|https://img.a.transfermarkt.technology/portrait/header/s_80927_776_2012_1.jpg
726005|Guilherme Castilho|https://img.a.transfermarkt.technology/portrait/header/726005-1624541882.jpg
392487|Thaciano|https://img.a.transfermarkt.technology/portrait/header/392487-1571658815.jpg
383638|Juninho|https://img.a.transfermarkt.technology/portrait/header/383638-1525791516.jpg
212114|Rossi|https://img.a.transfermarkt.technology/portrait/header/default.jpg
418530|Danielzinho|https://img.a.transfermarkt.technology/portrait/header/default.jpg
561214|Thonny Anderson|https://img.a.transfermarkt.technology/portrait/header/561214-1582108497.jpg
164013|Gilberto|https://img.a.transfermarkt.technology/portrait/header/164013-1464164132.jpg
554061|Maycon Douglas|https://img.a.transfermarkt.technology/portrait/header/554061-1631629188.jpg
689737|Patrick De Lucca|https://img.a.transfermarkt.technology/portrait/header/689737-1631629329.jpg
346870|Jonas|https://img.a.transfermarkt.technology/portrait/header/346870-1605688747.jpg
76100|Para|https://img.a.transfermarkt.technology/portrait/header/76100-1571745651.jpg
177845|Madson|https://img.a.transfermarkt.technology/portrait/header/177845-1515772267.jpg
743589|Kaiky|https://img.a.transfermarkt.technology/portrait/header/743589-1615365432.jpg
255989|Marcos Guilherme|https://img.a.transfermarkt.technology/portrait/header/255989-1578908553.jpg
620477|Kaio Jorge|https://img.a.transfermarkt.technology/portrait/header/620477-1634195648.jpg
668267|Marcos Leonardo|https://img.a.transfermarkt.technology/portrait/header/668267-1623967527.jpg
555018|Lucas Araujo|https://img.a.transfermarkt.technology/portrait/header/default.jpg
378975|Matheus Galdezani|https://img.a.transfermarkt.technology/portrait/header/378975-1524123825.jpg
606850|Lucas Braga|https://img.a.transfermarkt.technology/portrait/header/606850-1616425082.jpg
743598|Angelo Gabriel|https://img.a.transfermarkt.technology/portrait/header/743598-1649528734.jpg
74758|Marinho|https://img.a.transfermarkt.technology/portrait/header/74758-1558620761.jpg
741021|Matheus Bahia|https://img.a.transfermarkt.technology/portrait/header/741021-1606822501.jpg
167825|Alison|https://img.a.transfermarkt.technology/portrait/header/167825-1496330467.jpg
347913|Luan Peres|https://img.a.transfermarkt.technology/portrait/header/347913-1534422455.jpg
553459|Igor Gomes|https://img.a.transfermarkt.technology/portrait/header/553459-1558041124.jpg
92729|Joao Rojas|https://img.a.transfermarkt.technology/portrait/header/92729-1488301595.jpg
148765|Pablo|https://img.a.transfermarkt.technology/portrait/header/148765-1543928792.jpg
223560|Luciano|https://img.a.transfermarkt.technology/portrait/header/223560-1490622723.jpg
553469|Gabriel Sara|https://img.a.transfermarkt.technology/portrait/header/553469-1597915534.jpg
480274|Shaylon|https://img.a.transfermarkt.technology/portrait/header/480274-1598537364.jpg
601011|Caio Paulista|https://img.a.transfermarkt.technology/portrait/header/601011-1597996108.jpg
51356|Raul Bobadilla|https://img.a.transfermarkt.technology/portrait/header/51356-1501157467.jpg
76608|Abel Hernandez|https://img.a.transfermarkt.technology/portrait/header/76608-1623764106.jpg
668265|Kayky|https://img.a.transfermarkt.technology/portrait/header/668265-1618220631.jpg
401526|Liziero|https://img.a.transfermarkt.technology/portrait/header/401526-1531496363.jpg
37418|Eder|https://img.a.transfermarkt.technology/portrait/header/37418-1609843623.jpg
29091|Nene|https://img.a.transfermarkt.technology/portrait/header/29091-1517311595.jpg
146367|Juan Cazares|https://img.a.transfermarkt.technology/portrait/header/146367-1644485116.png
875328|Gabriel Teixeira|https://img.a.transfermarkt.technology/portrait/header/875328-1623764674.jpg
800175|Luiz Henrique|https://img.a.transfermarkt.technology/portrait/header/800175-1623763919.jpg
346935|Yago Felipe|https://img.a.transfermarkt.technology/portrait/header/346935-1543834042.jpg
74789|Wellington|https://img.a.transfermarkt.technology/portrait/header/74789-1447750036.jpg
225617|Reinaldo|https://img.a.transfermarkt.technology/portrait/header/225617-1488967289.jpg
80562|Hulk|https://img.a.transfermarkt.technology/portrait/header/80562-1563436073.jpg
265660|Yago Pikachu|https://img.a.transfermarkt.technology/portrait/header/265660-1547648152.jpg
161188|Robson|https://img.a.transfermarkt.technology/portrait/header/default.jpg
373189|David|https://img.a.transfermarkt.technology/portrait/header/default.jpg
330035|Daniel Guedes|https://img.a.transfermarkt.technology/portrait/header/330035-1482254083.jpg
309193|Jefferson Savarino|https://img.a.transfermarkt.technology/portrait/header/309193-1549876185.jpg
743591|Savio|https://img.a.transfermarkt.technology/portrait/header/743591-1625156461.png
385271|Allan|https://img.a.transfermarkt.technology/portrait/header/385271-1533114563.jpg
480774|Matias Zaracho|https://img.a.transfermarkt.technology/portrait/header/480774-1554807336.jpg
51716|Wellington Paulista|https://img.a.transfermarkt.technology/portrait/header/51716-1543929199.jpg
267849|Romarinho|https://img.a.transfermarkt.technology/portrait/header/267849-1606753188.jpg
50669|Nacho Fernandez|https://img.a.transfermarkt.technology/portrait/header/50669-1471523894.png
294798|Nathan|https://img.a.transfermarkt.technology/portrait/header/294798-1553782660.jpg
599879|Marrony|https://img.a.transfermarkt.technology/portrait/header/599879-1558040531.jpg
89718|Eduardo Vargas|https://img.a.transfermarkt.technology/portrait/header/89718-1560843682.jpg
508930|Felipe|https://img.a.transfermarkt.technology/portrait/header/508930-1597912624.jpg
347909|Matheus Jussa|https://img.a.transfermarkt.technology/portrait/header/347909-1597996671.jpg
592344|Guga|https://img.a.transfermarkt.technology/portrait/header/592344-1613387382.jpg
338861|Hyoran|https://img.a.transfermarkt.technology/portrait/header/338861-1543844791.jpg
344626|Lucas Crispim|https://img.a.transfermarkt.technology/portrait/header/344626-1598017705.jpg
538230|Bruno Melo|https://img.a.transfermarkt.technology/portrait/header/538230-1597912489.jpg
189682|Felipe Alves|https://img.a.transfermarkt.technology/portrait/header/189682-1547634039.jpg
341701|Igor Rabello|https://img.a.transfermarkt.technology/portrait/header/341701-1613387269.jpg
607854|Ederson|https://img.a.transfermarkt.technology/portrait/header/607854-1646648856.jpg
432895|Pedro|https://img.a.transfermarkt.technology/portrait/header/432895-1533634320.jpg
353108|Bruno Henrique|https://img.a.transfermarkt.technology/portrait/header/default.jpg
35537|Felipe Melo|https://img.a.transfermarkt.technology/portrait/header/35537-1448967266.jpg
808509|Danilo|https://img.a.transfermarkt.technology/portrait/header/808509-1612880275.jpg
432953|Raphael Veiga|https://img.a.transfermarkt.technology/portrait/header/432953-1543928741.jpg
330085|Gustavo Scarpa|https://img.a.transfermarkt.technology/portrait/header/330085-1510156342.jpg
737821|Patrick De Paula|https://img.a.transfermarkt.technology/portrait/header/737821-1596443427.jpg
225432|Ze Rafael|https://img.a.transfermarkt.technology/portrait/header/225432-1543841602.jpg
48974|Luiz Adriano|https://img.a.transfermarkt.technology/portrait/header/48974-1553895574.png
674732|Wesley|https://img.a.transfermarkt.technology/portrait/header/674732-1582108622.jpg
439072|Matias Vina|https://img.a.transfermarkt.technology/portrait/header/439072-1630498009.jpg
234538|Victor Luis|https://img.a.transfermarkt.technology/portrait/header/234538-1543835915.jpg
52896|Everton Ribeiro|https://img.a.transfermarkt.technology/portrait/header/52896-1610006872.jpg
213605|Vitinho|https://img.a.transfermarkt.technology/portrait/header/213605-1447749971.jpg
248410|Giorgian De Arrascaeta|https://img.a.transfermarkt.technology/portrait/header/248410-1610006665.jpg
520392|Michael|https://img.a.transfermarkt.technology/portrait/header/520392-1571741922.jpg
4248|Diego|https://img.a.transfermarkt.technology/portrait/header/4248-1506074640.jpg
644157|Hugo Moura|https://img.a.transfermarkt.technology/portrait/header/644157-1599126459.jpg
735571|Rodrigo Muniz|https://img.a.transfermarkt.technology/portrait/header/735571-1605861835.jpg
172054|Rodrigo Caio|https://img.a.transfermarkt.technology/portrait/header/172054-1471615155.jpg
645600|Cleber|https://img.a.transfermarkt.technology/portrait/header/645600-1597909901.jpg
645955|Rick|https://img.a.transfermarkt.technology/portrait/header/645955-1648882110.png
789082|Vanderson|https://img.a.transfermarkt.technology/portrait/header/789082-1624915334.jpg
868887|Ricardinho|https://img.a.transfermarkt.technology/portrait/header/868887-1623771056.jpg
155470|Jorginho|https://img.a.transfermarkt.technology/portrait/header/155470-1624022542.jpg
553727|Saulo Mineiro|https://img.a.transfermarkt.technology/portrait/header/default.jpg
646679|Pedro Naressi|https://img.a.transfermarkt.technology/portrait/header/default.jpg
552549|Matheus Henrique|https://img.a.transfermarkt.technology/portrait/header/default.jpg
468320|Leo Chu|https://img.a.transfermarkt.technology/portrait/header/default.jpg
167724|Diogo Barbosa|https://img.a.transfermarkt.technology/portrait/header/167724-1543835837.jpg
182216|Bruno Cortez|https://img.a.transfermarkt.technology/portrait/header/182216-1571658547.jpg
218118|Lucas Silva|https://img.a.transfermarkt.technology/portrait/header/218118-1547648251.jpg
351903|Jean Pyerre|https://img.a.transfermarkt.technology/portrait/header/351903-1571662820.jpg
270420|Joao Ricardo|https://img.a.transfermarkt.technology/portrait/header/270420-1624017788.jpg
728558|Vinicius Machado|https://img.a.transfermarkt.technology/portrait/header/default.jpg
726472|Leo Pereira|https://img.a.transfermarkt.technology/portrait/header/726472-1625146156.jpg
711338|Jhonata Robert|https://img.a.transfermarkt.technology/portrait/header/711338-1618227023.jpg
262474|Yony Gonzalez|https://img.a.transfermarkt.technology/portrait/header/262474-1578575110.jpg
842370|Joao Victor|https://img.a.transfermarkt.technology/portrait/header/default.jpg
486078|Charles|https://img.a.transfermarkt.technology/portrait/header/486078-1580200410.jpg
870488|Wendson|https://img.a.transfermarkt.technology/portrait/header/default.jpg
675242|Guilherme Azevedo|https://img.a.transfermarkt.technology/portrait/header/675242-1571728434.png
346922|Thiago Santos|https://img.a.transfermarkt.technology/portrait/header/346922-1583514877.jpg
32568|Pedro Geromel|https://img.a.transfermarkt.technology/portrait/header/32568-1493385031.jpg
401539|Messias|https://img.a.transfermarkt.technology/portrait/header/401539-1549613085.jpg
375242|Buiu|https://img.a.transfermarkt.technology/portrait/header/375242-1624019867.jpg
70784|Ytalo|https://img.a.transfermarkt.technology/portrait/header/70784-1485421396.jpg
270188|Lucas Evangelista|https://img.a.transfermarkt.technology/portrait/header/270188-1582120817.png
412365|Helinho|https://img.a.transfermarkt.technology/portrait/header/412365-1558599995.png
432773|Fabricio Bruno|https://img.a.transfermarkt.technology/portrait/header/default.jpg
614328|Eric Ramires|https://img.a.transfermarkt.technology/portrait/header/default.jpg
626138|Ronei|https://img.a.transfermarkt.technology/portrait/header/626138-1625466852.jpeg
432957|Lima|https://img.a.transfermarkt.technology/portrait/header/432957-1625466641.jpg
432959|Perotti|https://img.a.transfermarkt.technology/portrait/header/432959-1625466249.jpg
177009|Geuvanio|https://img.a.transfermarkt.technology/portrait/header/177009-1497862091.jpg
227462|Mike|https://img.a.transfermarkt.technology/portrait/header/s_227462_6600_2012_1.jpg
390370|Ravanelli|https://img.a.transfermarkt.technology/portrait/header/390370-1557527726.png
649055|Gabriel Novaes|https://img.a.transfermarkt.technology/portrait/header/649055-1623762132.jpg
503052|Tomas Cuello|https://img.a.transfermarkt.technology/portrait/header/503052-1623761287.jpg
349443|Ricardo Ryller|https://img.a.transfermarkt.technology/portrait/header/349443-1537879412.jpg
376640|Anderson Leite|https://img.a.transfermarkt.technology/portrait/header/376640-1625466879.jpg
564684|Bruno Silva|https://img.a.transfermarkt.technology/portrait/header/564684-1554733391.jpg
374136|Leo Ortiz|https://img.a.transfermarkt.technology/portrait/header/374136-1584977187.jpg
735568|Natan|https://img.a.transfermarkt.technology/portrait/header/735568-1603094642.jpg
403315|Claudinho|https://img.a.transfermarkt.technology/portrait/header/403315-1628946845.png
538978|Pedrinho|https://img.a.transfermarkt.technology/portrait/header/538978-1597924548.jpg
227986|Moises Ribeiro|https://img.a.transfermarkt.technology/portrait/header/s_227986_17561_2012_1.jpg
305428|Ze Roberto|https://img.a.transfermarkt.technology/portrait/header/305428-1580407394.jpg
519854|Joao Paulo|https://img.a.transfermarkt.technology/portrait/header/default.jpg
725049|Roni|https://img.a.transfermarkt.technology/portrait/header/725049-1600327915.jpg
403148|Angelo Araos|https://img.a.transfermarkt.technology/portrait/header/403148-1532420513.jpg
408958|Mateus Vital|https://img.a.transfermarkt.technology/portrait/header/408958-1516183116.jpg
868891|Adson|https://img.a.transfermarkt.technology/portrait/header/868891-1629816600.jpg
97507|Guilherme Camacho|https://img.a.transfermarkt.technology/portrait/header/97507-1580199152.jpg
263032|Victor Cantillo|https://img.a.transfermarkt.technology/portrait/header/263032-1582108557.jpg
313106|Luan|https://img.a.transfermarkt.technology/portrait/header/313106-1512665089.jpg
34156|Jo|https://img.a.transfermarkt.technology/portrait/header/34156-1515069391.jpg
727853|Lucao|https://img.a.transfermarkt.technology/portrait/header/default.jpg
862554|Ronald|https://img.a.transfermarkt.technology/portrait/header/default.jpg
268522|Arnaldo|https://img.a.transfermarkt.technology/portrait/header/268522-1524123996.jpg
552242|Gabriel Baralhas|https://img.a.transfermarkt.technology/portrait/header/552242-1626076415.jpg
538107|Willian Maranhao|https://img.a.transfermarkt.technology/portrait/header/538107-1634632991.jpg
364972|Marlon Freitas|https://img.a.transfermarkt.technology/portrait/header/364972-1594893307.jpg
258070|Ramiro|https://img.a.transfermarkt.technology/portrait/header/258070-1512665583.jpg
440652|Nathan Silva|https://img.a.transfermarkt.technology/portrait/header/440652-1553780957.jpg
363794|Carlos Eduardo|https://img.a.transfermarkt.technology/portrait/header/363794-1528096589.jpg
261309|David Terans|https://img.a.transfermarkt.technology/portrait/header/default.jpg
29261|Jadson|https://img.a.transfermarkt.technology/portrait/header/29261-1543929792.jpg
404321|Renato Kayzer|https://img.a.transfermarkt.technology/portrait/header/404321-1600328011.jpg
788861|Matheus Babi|https://img.a.transfermarkt.technology/portrait/header/788861-1598861395.jpg
75111|Felipe Azevedo|https://img.a.transfermarkt.technology/portrait/header/75111-1561451980.jpg
312684|Ramon|https://img.a.transfermarkt.technology/portrait/header/default.jpg
250010|Bruno Nazario|https://img.a.transfermarkt.technology/portrait/header/250010-1448288039.jpg
401532|Geovane|https://img.a.transfermarkt.technology/portrait/header/default.jpg
670965|Vitinho|https://img.a.transfermarkt.technology/portrait/header/670965-1627635805.jpg
374097|Rodolfo|https://img.a.transfermarkt.technology/portrait/header/374097-1606988220.jpg
544259|Ademir|https://img.a.transfermarkt.technology/portrait/header/544259-1606987987.jpg
443721|Marlon Lopes|https://img.a.transfermarkt.technology/portrait/header/default.jpg
75080|Alan Ruschel|https://img.a.transfermarkt.technology/portrait/header/75080-1623674737.jpg
653348|Khellven|https://img.a.transfermarkt.technology/portrait/header/653348-1582108980.jpg
432967|Marcinho|https://img.a.transfermarkt.technology/portrait/header/432967-1554710805.jpg
658678|Christian|https://img.a.transfermarkt.technology/portrait/header/658678-1599126593.jpg
187210|Leo Cittadini|https://img.a.transfermarkt.technology/portrait/header/187210-1533824279.jpg
149572|Nikao|https://img.a.transfermarkt.technology/portrait/header/149572-1554732014.jpg
539183|Anderson|https://img.a.transfermarkt.technology/portrait/header/539183-1606987838.jpg
476336|Ze Ricardo|https://img.a.transfermarkt.technology/portrait/header/476336-1623672757.jpg
169052|Edenilson|https://img.a.transfermarkt.technology/portrait/header/169052-1611222859.jpg
186922|Rodrigo Lindoso|https://img.a.transfermarkt.technology/portrait/header/186922-1543928845.jpg
53262|Thiago Neves|https://img.a.transfermarkt.technology/portrait/header/53262-1600173894.jpg
104509|Andre|https://img.a.transfermarkt.technology/portrait/header/104509-1601146473.jpeg
840431|Gustavo|https://img.a.transfermarkt.technology/portrait/header/default.jpg
642689|Mikael|https://img.a.transfermarkt.technology/portrait/header/642689-1643621740.jpg
353722|Sander|https://img.a.transfermarkt.technology/portrait/header/353722-1562328753.jpg
582301|Marquinhos|https://img.a.transfermarkt.technology/portrait/header/582301-1597911712.jpg
546172|Nonato|https://img.a.transfermarkt.technology/portrait/header/546172-1623837593.jpg
678439|Mauricio|https://img.a.transfermarkt.technology/portrait/header/678439-1598518041.jpg
574765|Bruno Praxedes|https://img.a.transfermarkt.technology/portrait/header/574765-1611222747.jpg
282502|Paulinho Moccelin|https://img.a.transfermarkt.technology/portrait/header/s_282502_210_2012_1.jpg
357091|Maxwell|https://img.a.transfermarkt.technology/portrait/header/357091-1625152192.jpg
489893|Yuri Alberto|https://img.a.transfermarkt.technology/portrait/header/489893-1643722952.png
186399|Thiago Galhardo|https://img.a.transfermarkt.technology/portrait/header/186399-1556811939.png
815686|Caio Vidal|https://img.a.transfermarkt.technology/portrait/header/815686-1623330761.jpg
333159|Patrick|https://img.a.transfermarkt.technology/portrait/header/333159-1543929652.jpg
76028|Taison|https://img.a.transfermarkt.technology/portrait/header/76028-1569591431.png
571219|Carlos Palacios|https://img.a.transfermarkt.technology/portrait/header/571219-1614067449.jpg
72438|Ricardinho|https://img.a.transfermarkt.technology/portrait/header/s_72438_2035_2012_1.jpg
323452|Jose Welison|https://img.a.transfermarkt.technology/portrait/header/323452-1599563317.jpg
368468|Moises|https://img.a.transfermarkt.technology/portrait/header/368468-1459762463.jpg
362835|Junior Tavares|https://img.a.transfermarkt.technology/portrait/header/362835-1531214409.jpg
605893|Lucas Ribeiro|https://img.a.transfermarkt.technology/portrait/header/605893-1564584452.jpg
292152|Rafael Thyere|https://img.a.transfermarkt.technology/portrait/header/292152-1625151716.jpg
375690|Eder|https://img.a.transfermarkt.technology/portrait/header/375690-1597996771.jpg
322588|Natanael|https://img.a.transfermarkt.technology/portrait/header/default.jpg
282544|Emiliano Rigoni|https://img.a.transfermarkt.technology/portrait/header/282544-1557249823.png
552240|Igor Vinicius|https://img.a.transfermarkt.technology/portrait/header/552240-1597915697.jpg
491599|Antonio Galeano|https://img.a.transfermarkt.technology/portrait/header/491599-1625151148.jpg
670940|Janderson|https://img.a.transfermarkt.technology/portrait/header/670940-1582108714.jpg
519851|Andre Luis|https://img.a.transfermarkt.technology/portrait/header/519851-1596447512.jpg
403296|Leo|https://img.a.transfermarkt.technology/portrait/header/403296-1598272878.jpg
468304|Rodrigo Nestor|https://img.a.transfermarkt.technology/portrait/header/468304-1625150908.jpg
227671|Tiago Volpi|https://img.a.transfermarkt.technology/portrait/header/227671-1547634654.jpg
440658|Artur|https://img.a.transfermarkt.technology/portrait/header/440658-1543844997.jpg
432166|Luan Candido|https://img.a.transfermarkt.technology/portrait/header/432166-1543835992.jpg
612162|Jadsom|https://img.a.transfermarkt.technology/portrait/header/612162-1598347991.jpg
77059|Rodriguinho|https://img.a.transfermarkt.technology/portrait/header/77059-1543929615.jpg
480225|Alesson|https://img.a.transfermarkt.technology/portrait/header/480225-1623679107.jpg
336390|Oscar Ruiz|https://img.a.transfermarkt.technology/portrait/header/default.jpg
371996|Alerrandro|https://img.a.transfermarkt.technology/portrait/header/371996-1553784661.jpg
686332|Edson|https://img.a.transfermarkt.technology/portrait/header/686332-1643300126.png
215212|Jean Mota|https://img.a.transfermarkt.technology/portrait/header/215212-1647705277.jpg
106281|Vina|https://img.a.transfermarkt.technology/portrait/header/106281-1613386483.jpg
813107|Gabriel Pirani|https://img.a.transfermarkt.technology/portrait/header/default.jpg
425462|Felipe Vizeu|https://img.a.transfermarkt.technology/portrait/header/425462-1592751000.png
350342|Fernando Sobral|https://img.a.transfermarkt.technology/portrait/header/350342-1597911362.jpg
742855|Gabriel Lacerda|https://img.a.transfermarkt.technology/portrait/header/742855-1624018253.jpg
546532|Jordan|https://img.a.transfermarkt.technology/portrait/header/default.jpg
867884|Kevin Malthus|https://img.a.transfermarkt.technology/portrait/header/867884-1625657385.jpg
606136|Danilo Boza|https://img.a.transfermarkt.technology/portrait/header/606136-1537882509.jpg
31005|Fred|https://img.a.transfermarkt.technology/portrait/header/31005-1506092346.jpg
672202|Camilo|https://img.a.transfermarkt.technology/portrait/header/672202-1597528011.jpg
151505|Auremir|https://img.a.transfermarkt.technology/portrait/header/151505-1504016360.jpg
257057|Uillian Correia|https://img.a.transfermarkt.technology/portrait/header/257057-1556185200.jpg
606716|Pepe|https://img.a.transfermarkt.technology/portrait/header/606716-1611303244.jpg
178940|Lucca|https://img.a.transfermarkt.technology/portrait/header/178940-1580198947.jpg
815558|Martinelli|https://img.a.transfermarkt.technology/portrait/header/815558-1612168469.jpg
373194|Osman|https://img.a.transfermarkt.technology/portrait/header/373194-1556185586.jpg
13835|Fabio Santos|https://img.a.transfermarkt.technology/portrait/header/13835-1553781422.jpg
423839|Ribamar|https://img.a.transfermarkt.technology/portrait/header/423839-1470382137.jpg
382170|Diego Ferreira|https://img.a.transfermarkt.technology/portrait/header/382170-1598014766.jpg
53999|Eduardo|https://img.a.transfermarkt.technology/portrait/header/53999-1623674321.jpg
800649|Gustavinho|https://img.a.transfermarkt.technology/portrait/header/default.jpg
351750|Leo Natel|https://img.a.transfermarkt.technology/portrait/header/351750-1597906921.jpg
670201|Lucas Piton|https://img.a.transfermarkt.technology/portrait/header/670201-1597994788.jpg
294804|Eduardo Bauermann|https://img.a.transfermarkt.technology/portrait/header/294804-1634632464.jpg
213606|Gabriel|https://img.a.transfermarkt.technology/portrait/header/213606-1542110736.jpg
55250|Titi|https://img.a.transfermarkt.technology/portrait/header/55250-1615775454.jpeg
670968|Ze Gabriel|https://img.a.transfermarkt.technology/portrait/header/670968-1611223101.jpg
273442|Tinga|https://img.a.transfermarkt.technology/portrait/header/default.jpg
689521|Luiz Henrique|https://img.a.transfermarkt.technology/portrait/header/default.jpg
104326|Victor Cuesta|https://img.a.transfermarkt.technology/portrait/header/104326-1547634540.jpg
288496|Gabriel Boschilia|https://img.a.transfermarkt.technology/portrait/header/288496-1432645288.jpg
670969|Heitor|https://img.a.transfermarkt.technology/portrait/header/670969-1598538401.jpg
268642|Renzo Saravia|https://img.a.transfermarkt.technology/portrait/header/268642-1582712834.png
379198|Matheus Vargas|https://img.a.transfermarkt.technology/portrait/header/379198-1534619416.png
689505|Johnny|https://img.a.transfermarkt.technology/portrait/header/689505-1605278585.jpg
688684|Ronald|https://img.a.transfermarkt.technology/portrait/header/688684-1625158120.jpg
681693|Pedro Henrique|https://img.a.transfermarkt.technology/portrait/header/681693-1623838480.jpg
868073|Vitor Hugo|https://img.a.transfermarkt.technology/portrait/header/default.jpg
153065|Fernando Canesin|https://img.a.transfermarkt.technology/portrait/header/153065-1487767824.jpg
112239|Joao Paulo|https://img.a.transfermarkt.technology/portrait/header/s_112239_679_2012_2.jpg
213539|Matheuzinho|https://img.a.transfermarkt.technology/portrait/header/213539-1446136106.jpg
522131|Jaime Alvarado|https://img.a.transfermarkt.technology/portrait/header/522131-1558686463.png
530737|Richard|https://img.a.transfermarkt.technology/portrait/header/530737-1597913001.jpg
104590|Rafael Forster|https://img.a.transfermarkt.technology/portrait/header/104590-1648882070.png
209163|Cleberson|https://img.a.transfermarkt.technology/portrait/header/209163-1554732980.jpg
698742|Busanello|https://img.a.transfermarkt.technology/portrait/header/698742-1625466964.jpg
442818|Fernandinho|https://img.a.transfermarkt.technology/portrait/header/442818-1544194837.jpg
55338|Willian|https://img.a.transfermarkt.technology/portrait/header/55338-1543845100.jpg
688668|Lucas Esteves|https://img.a.transfermarkt.technology/portrait/header/688668-1647191911.jpg
704558|Fabinho|https://img.a.transfermarkt.technology/portrait/header/704558-1599723592.jpg
118007|Anselmo Ramon|https://img.a.transfermarkt.technology/portrait/header/s_118007_609_2012_1.jpg
142216|Santiago Trellez|https://img.a.transfermarkt.technology/portrait/header/142216-1517311673.jpg
662453|Dylan Borrero|https://img.a.transfermarkt.technology/portrait/header/662453-1625156609.png
330114|Gabriel|https://img.a.transfermarkt.technology/portrait/header/330114-1494589457.jpg
95087|Patric|https://img.a.transfermarkt.technology/portrait/header/95087-1547647025.jpg
239294|Jair|https://img.a.transfermarkt.technology/portrait/header/239294-1597914245.jpg
211397|Miguel Borja|https://img.a.transfermarkt.technology/portrait/header/211397-1494400186.jpg
689017|Ferreira|https://img.a.transfermarkt.technology/portrait/header/689017-1607329716.jpg
575373|Vitor Gabriel|https://img.a.transfermarkt.technology/portrait/header/default.jpg
281404|Kenedy|https://img.a.transfermarkt.technology/portrait/header/default.jpg
208681|Gustavo Henrique|https://img.a.transfermarkt.technology/portrait/header/208681-1516097388.jpg
411838|Bruno Viana|https://img.a.transfermarkt.technology/portrait/header/411838-1645280122.png
468323|Victor Bobsin|https://img.a.transfermarkt.technology/portrait/header/468323-1524484690.jpg
33315|Diego Souza|https://img.a.transfermarkt.technology/portrait/header/33315-1454586915.jpg
229736|Alisson|https://img.a.transfermarkt.technology/portrait/header/229736-1415803729.jpg
33947|Rafinha|https://img.a.transfermarkt.technology/portrait/header/33947-1540568346.jpg
491553|Jaminton Campaz|https://img.a.transfermarkt.technology/portrait/header/491553-1610461558.jpg
75615|Douglas Costa|https://img.a.transfermarkt.technology/portrait/header/75615-1646079196.JPG
273033|Piris Da Motta|https://img.a.transfermarkt.technology/portrait/header/273033-1616348221.jpeg
212209|Rene|https://img.a.transfermarkt.technology/portrait/header/212209-1543846645.jpg
663578|Ramon|https://img.a.transfermarkt.technology/portrait/header/663578-1623848949.jpg
555016|Brenno|https://img.a.transfermarkt.technology/portrait/header/555016-1571658296.jpg
636314|Gustavo Mosquito|https://img.a.transfermarkt.technology/portrait/header/default.jpg
542598|Breno Lopes|https://img.a.transfermarkt.technology/portrait/header/542598-1612174017.jpg
371009|Rony|https://img.a.transfermarkt.technology/portrait/header/371009-1582109366.jpg
243541|Deyverson|https://img.a.transfermarkt.technology/portrait/header/243541-1447315012.jpg
147361|Mayke|https://img.a.transfermarkt.technology/portrait/header/147361-1461926352.jpg
75435|Marcos Rocha|https://img.a.transfermarkt.technology/portrait/header/75435-1543836089.jpg
596426|Xavier|https://img.a.transfermarkt.technology/portrait/header/596426-1601285091.jpg
662325|Renan|https://img.a.transfermarkt.technology/portrait/header/662325-1571841193.png
373150|Luiz Felipe|https://img.a.transfermarkt.technology/portrait/header/373150-1530263543.jpg
584083|Bruninho|https://img.a.transfermarkt.technology/portrait/header/584083-1613386210.jpg
435331|Matheus Jesus|https://img.a.transfermarkt.technology/portrait/header/435331-1487946504.jpg
33357|Miranda|https://img.a.transfermarkt.technology/portrait/header/33357-1448967043.jpg
346065|Keno|https://img.a.transfermarkt.technology/portrait/header/346065-1530088878.jpg
688896|Echapora|https://img.a.transfermarkt.technology/portrait/header/default.jpg
54155|Mariano|https://img.a.transfermarkt.technology/portrait/header/54155-1572951874.jpg
177534|Bruno Alves|https://img.a.transfermarkt.technology/portrait/header/177534-1599473802.jpg
372013|Luiz Fernando|https://img.a.transfermarkt.technology/portrait/header/372013-1597924106.jpg
50047|Maicon|https://img.a.transfermarkt.technology/portrait/header/50047-1571658781.jpg
271187|Juninho|https://img.a.transfermarkt.technology/portrait/header/271187-1623673077.jpg
206097|Ricardo Silva|https://img.a.transfermarkt.technology/portrait/header/s_206097_2029_2012_2.jpg
735570|Joao Gomes|https://img.a.transfermarkt.technology/portrait/header/735570-1623845811.jpg
469136|Yan Sasse|https://img.a.transfermarkt.technology/portrait/header/469136-1579457572.jpeg
900456|Ryan Luka|https://img.a.transfermarkt.technology/portrait/header/default.jpg
21725|Filipe Luis|https://img.a.transfermarkt.technology/portrait/header/21725-1447152742.jpg
876343|Max|https://img.a.transfermarkt.technology/portrait/header/876343-1647191968.jpg
412367|Weverson|https://img.a.transfermarkt.technology/portrait/header/default.jpg
67920|Ganso|https://img.a.transfermarkt.technology/portrait/header/67920-1462894569.jpg
479587|Raul|https://img.a.transfermarkt.technology/portrait/header/479587-1561449428.jpg
198250|Samuel Xavier|https://img.a.transfermarkt.technology/portrait/header/198250-1553781604.jpg
686597|Calegari|https://img.a.transfermarkt.technology/portrait/header/686597-1611234537.jpg
265837|Ligger|https://img.a.transfermarkt.technology/portrait/header/265837-1623761471.jpg
520454|Nino|https://img.a.transfermarkt.technology/portrait/header/520454-1597912290.jpg
113586|Manoel|https://img.a.transfermarkt.technology/portrait/header/113586-1580738457.png
406676|Juninho Capixaba|https://img.a.transfermarkt.technology/portrait/header/406676-1558425195.jpg
598975|Matheus Teixeira|https://img.a.transfermarkt.technology/portrait/header/598975-1543835566.jpg
646361|Renan Guedes|https://img.a.transfermarkt.technology/portrait/header/646361-1552665586.jpg
681692|Leo Borges|https://img.a.transfermarkt.technology/portrait/header/default.jpg
393835|Thiago Lopes|https://img.a.transfermarkt.technology/portrait/header/393835-1625151964.jpg
348261|Iago Maidana|https://img.a.transfermarkt.technology/portrait/header/348261-1534410659.jpg
389942|Hayner|https://img.a.transfermarkt.technology/portrait/header/389942-1598362928.jpg
55243|Carlinhos|https://img.a.transfermarkt.technology/portrait/header/55243-1496132342.jpg
432964|Tiepo|https://img.a.transfermarkt.technology/portrait/header/432964-1625467274.jpg
768605|Joao Paulo|https://img.a.transfermarkt.technology/portrait/header/768605-1625467244.jpg
555634|Derlan|https://img.a.transfermarkt.technology/portrait/header/555634-1625467181.jpg
734281|Guedes|https://img.a.transfermarkt.technology/portrait/header/734281-1625466804.jpg
387611|Lima|https://img.a.transfermarkt.technology/portrait/header/387611-1597993870.jpg
252900|Willian Oliveira|https://img.a.transfermarkt.technology/portrait/header/s_252900_14702_2012_1.jpg
520480|Igor Carius|https://img.a.transfermarkt.technology/portrait/header/520480-1515594912.jpg
349737|Arthur Henrique|https://img.a.transfermarkt.technology/portrait/header/default.jpg
177381|Jenison|https://img.a.transfermarkt.technology/portrait/header/s_177381_8793_2012_1.jpg
546218|Danilo Gomes|https://img.a.transfermarkt.technology/portrait/header/546218-1624451266.jpg
128855|Paulao|https://img.a.transfermarkt.technology/portrait/header/128855-1447749681.jpg
187759|Anderson Conceicao|https://img.a.transfermarkt.technology/portrait/header/187759-1479503729.jpg
401534|Arthur Gomes|https://img.a.transfermarkt.technology/portrait/header/401534-1445961893.jpg
575375|Jonas Toro|https://img.a.transfermarkt.technology/portrait/header/575375-1558041215.jpg
476362|Dudu|https://img.a.transfermarkt.technology/portrait/header/476362-1598272234.jpg
291963|Fernando Miguel|https://img.a.transfermarkt.technology/portrait/header/291963-1526044700.jpg
592342|Kaio|https://img.a.transfermarkt.technology/portrait/header/592342-1625466549.jpg
729264|Welington|https://img.a.transfermarkt.technology/portrait/header/729264-1625147299.jpg
578630|Leo Gomes|https://img.a.transfermarkt.technology/portrait/header/578630-1543833920.jpg
871650|Mancha|https://img.a.transfermarkt.technology/portrait/header/871650-1625466924.jpg
224047|Ezequiel|https://img.a.transfermarkt.technology/portrait/header/s_224047_7178_2012_1.jpg
406766|Bruno Rodrigues|https://img.a.transfermarkt.technology/portrait/header/406766-1613459864.jpg
109038|Dodo|https://img.a.transfermarkt.technology/portrait/header/109038-1410955330.jpg
181780|Rodrigo Dourado|https://img.a.transfermarkt.technology/portrait/header/181780-1611222548.jpg
815677|Vinicius Mello|https://img.a.transfermarkt.technology/portrait/header/815677-1646523112.jpg
346766|Guilherme Arana|https://img.a.transfermarkt.technology/portrait/header/346766-1476115454.jpg
99439|Danilo Fernandes|https://img.a.transfermarkt.technology/portrait/header/99439-1523613396.jpg
101506|Aderlan|https://img.a.transfermarkt.technology/portrait/header/101506-1623761103.jpg
101469|Gil|https://img.a.transfermarkt.technology/portrait/header/101469-1523621399.jpg
50144|Cassio|https://img.a.transfermarkt.technology/portrait/header/50144-1458293316.jpg
75058|William Matheus|https://img.a.transfermarkt.technology/portrait/header/75058-1599126360.jpg
178984|Luan|https://img.a.transfermarkt.technology/portrait/header/178984-1543835678.jpg
544895|Paulinho Boia|https://img.a.transfermarkt.technology/portrait/header/544895-1641123568.png
608216|Gabriel Menino|https://img.a.transfermarkt.technology/portrait/header/608216-1599664233.jpg
101542|Juninho Valoura|https://img.a.transfermarkt.technology/portrait/header/101542-1561451171.jpg
494839|Sabino|https://img.a.transfermarkt.technology/portrait/header/default.jpg
179179|Murilo Rangel|https://img.a.transfermarkt.technology/portrait/header/s_179179_8793_2010_1.jpg
167471|Joao Paulo|https://img.a.transfermarkt.technology/portrait/header/s_167471_614_2012_2.jpg
436570|William Oliveira|https://img.a.transfermarkt.technology/portrait/header/436570-1597914368.jpg
538234|Marlon|https://img.a.transfermarkt.technology/portrait/header/538234-1596102388.jpg
336474|Gabriel Dias|https://img.a.transfermarkt.technology/portrait/header/336474-1547633916.jpg
131101|Stiven Mendoza|https://img.a.transfermarkt.technology/portrait/header/131101-1464162961.jpg
730938|Helio|https://img.a.transfermarkt.technology/portrait/header/730938-1626627129.jpg
435163|Bruno Pacheco|https://img.a.transfermarkt.technology/portrait/header/435163-1597909478.jpg
264284|Neilton|https://img.a.transfermarkt.technology/portrait/header/264284-1543832261.jpg
145400|Walter Kannemann|https://img.a.transfermarkt.technology/portrait/header/145400-1547647538.jpg
646404|Vinicius Zanocelo|https://img.a.transfermarkt.technology/portrait/header/646404-1625657964.jpg
587786|Felipe Jonatan|https://img.a.transfermarkt.technology/portrait/header/587786-1561452059.jpg
244275|Gabriel Barbosa|https://img.a.transfermarkt.technology/portrait/header/244275-1623847700.jpg
553458|Bissoli|https://img.a.transfermarkt.technology/portrait/header/553458-1598604950.jpg
43722|Mauricio Isla|https://img.a.transfermarkt.technology/portrait/header/default.jpg
294873|Thiago Maia|https://img.a.transfermarkt.technology/portrait/header/294873-1457513224.jpg
643750|Nicolas Hernandez|https://img.a.transfermarkt.technology/portrait/header/643750-1631629080.jpg
858712|Pedrinho|https://img.a.transfermarkt.technology/portrait/header/default.jpg
203394|Andreas Pereira|https://img.a.transfermarkt.technology/portrait/header/203394-1547721531.jpg
185966|Rodinei|https://img.a.transfermarkt.technology/portrait/header/185966-1611222363.jpg
594226|Matheuzinho|https://img.a.transfermarkt.technology/portrait/header/594226-1639506313.jpg
646402|Abner|https://img.a.transfermarkt.technology/portrait/header/646402-1597913110.jpg
924533|Jader|https://img.a.transfermarkt.technology/portrait/header/default.jpg
633212|Erick|https://img.a.transfermarkt.technology/portrait/header/633212-1598603032.jpg
45431|Thiago Heleno|https://img.a.transfermarkt.technology/portrait/header/45431-1547647933.jpg
288431|Leo Pereira|https://img.a.transfermarkt.technology/portrait/header/288431-1494244050.jpg
595168|Chrigor|https://img.a.transfermarkt.technology/portrait/header/595168-1631629738.jpg
74314|Edimar|https://img.a.transfermarkt.technology/portrait/header/74314-1442912976.png
210747|Willian Arao|https://img.a.transfermarkt.technology/portrait/header/210747-1512665701.jpg
543614|Ale|https://img.a.transfermarkt.technology/portrait/header/543614-1623673781.jpg
727747|Carlos Alberto|https://img.a.transfermarkt.technology/portrait/header/default.jpg
112940|Jailson|https://img.a.transfermarkt.technology/portrait/header/112940-1543835357.jpg
689507|Lucas Ramos|https://img.a.transfermarkt.technology/portrait/header/689507-1627294297.jpg
627227|Peglow|https://img.a.transfermarkt.technology/portrait/header/627227-1572343593.png
716388|Kelvyn|https://img.a.transfermarkt.technology/portrait/header/716388-1571763428.jpg
467940|Vitinho|https://img.a.transfermarkt.technology/portrait/header/467940-1623883783.jpg
814268|Caue|https://img.a.transfermarkt.technology/portrait/header/default.jpg
189418|Martin Benitez|https://img.a.transfermarkt.technology/portrait/header/189418-1454154206.jpg
813108|Vinicius Balieiro|https://img.a.transfermarkt.technology/portrait/header/813108-1623964147.jpg
627222|Talles Costa|https://img.a.transfermarkt.technology/portrait/header/627222-1572442945.png
546212|Diego Costa|https://img.a.transfermarkt.technology/portrait/header/546212-1634648941.jpg
800176|Andre Trindade|https://img.a.transfermarkt.technology/portrait/header/800176-1631628680.jpg
76191|Osvaldo|https://img.a.transfermarkt.technology/portrait/header/76191-1550140345.jpg
388397|Everaldo|https://img.a.transfermarkt.technology/portrait/header/388397-1558620681.jpg
379687|Didi|https://img.a.transfermarkt.technology/portrait/header/379687-1478264956.jpg
686333|Vitor Mendes|https://img.a.transfermarkt.technology/portrait/header/686333-1624464788.jpg
364261|Tche Tche|https://img.a.transfermarkt.technology/portrait/header/364261-1528531494.jpg
162883|Eduardo Sasha|https://img.a.transfermarkt.technology/portrait/header/162883-1447749088.jpg
798114|Calebe|https://img.a.transfermarkt.technology/portrait/header/798114-1606751663.jpg
624291|Ignacio|https://img.a.transfermarkt.technology/portrait/header/624291-1625467065.jpg
133522|Yesus Cabrera|https://img.a.transfermarkt.technology/portrait/header/133522-1611585754.jpg
555015|Ruan Tressoldi|https://img.a.transfermarkt.technology/portrait/header/555015-1643021110.jpg
823291|Igor Torres|https://img.a.transfermarkt.technology/portrait/header/823291-1625158486.jpeg
738409|Rafael|https://img.a.transfermarkt.technology/portrait/header/default.jpg
273438|Danilo Barbosa|https://img.a.transfermarkt.technology/portrait/header/273438-1506351339.jpg
656409|Leo Realpe|https://img.a.transfermarkt.technology/portrait/header/656409-1573144082.jpg
468247|Cleiton|https://img.a.transfermarkt.technology/portrait/header/468247-1553769368.jpg
166032|Marllon|https://img.a.transfermarkt.technology/portrait/header/default.jpg
331057|Luis Orejuela|https://img.a.transfermarkt.technology/portrait/header/331057-1502256543.jpg
15951|Dani Alves|https://img.a.transfermarkt.technology/portrait/header/15951-1635327520.jpg
446408|Yuri|https://img.a.transfermarkt.technology/portrait/header/446408-1516097242.jpg
390368|Vitor Bueno|https://img.a.transfermarkt.technology/portrait/header/390368-1510156385.jpg
250144|Lucas Hernandez|https://img.a.transfermarkt.technology/portrait/header/250144-1579729804.jpg
84486|Marcelo Toscano|https://img.a.transfermarkt.technology/portrait/header/84486-1634632615.jpg
435489|Lucas Kal|https://img.a.transfermarkt.technology/portrait/header/435489-1630596185.jpg
237851|Betinho|https://img.a.transfermarkt.technology/portrait/header/237851-1597909737.jpg
834444|Victor Gabriel|https://img.a.transfermarkt.technology/portrait/header/default.jpg
834899|Felipe Augusto|https://img.a.transfermarkt.technology/portrait/header/default.jpg
346072|Marcao Silva|https://img.a.transfermarkt.technology/portrait/header/346072-1625151770.jpg
742366|Felipe Felicio|https://img.a.transfermarkt.technology/portrait/header/default.jpg
837534|Luiz Filipe|https://img.a.transfermarkt.technology/portrait/header/default.jpg
332736|Bueno|https://img.a.transfermarkt.technology/portrait/header/332736-1598602038.jpg
72489|Rever|https://img.a.transfermarkt.technology/portrait/header/72489-1447749786.jpg
105512|Felipe|https://img.a.transfermarkt.technology/portrait/header/s_105512_679_2012_2.jpg
739392|Vinicius Foguinho|https://img.a.transfermarkt.technology/portrait/header/739392-1625466491.jpg
74373|Carlos Sanchez|https://img.a.transfermarkt.technology/portrait/header/74373-1571742086.jpg
284321|German Conti|https://img.a.transfermarkt.technology/portrait/header/284321-1537352020.jpg
381032|Luiz Otavio|https://img.a.transfermarkt.technology/portrait/header/381032-1631629557.jpg
484848|Ze Ivaldo|https://img.a.transfermarkt.technology/portrait/header/484848-1554731403.jpg
54419|Egidio|https://img.a.transfermarkt.technology/portrait/header/default.jpg
175179|Luccas Claro|https://img.a.transfermarkt.technology/portrait/header/175179-1610006193.jpg
271666|Danilo Barcelos|https://img.a.transfermarkt.technology/portrait/header/271666-1553781376.jpg
80499|Paulo Miranda|https://img.a.transfermarkt.technology/portrait/header/80499-1501067864.jpg
592375|Pablo|https://img.a.transfermarkt.technology/portrait/header/default.jpg
340840|Benjamin Kuscevic|https://img.a.transfermarkt.technology/portrait/header/340840-1557762008.jpg
329720|Pedro Henrique|https://img.a.transfermarkt.technology/portrait/header/default.jpg
627232|Ivonei|https://img.a.transfermarkt.technology/portrait/header/627232-1616425183.jpg
275412|Joao Paulo|https://img.a.transfermarkt.technology/portrait/header/275412-1543927359.jpg
574904|Luan|https://img.a.transfermarkt.technology/portrait/header/574904-1598537274.jpg
80815|Jael|https://img.a.transfermarkt.technology/portrait/header/80815-1543929082.jpg
52897|Hernanes|https://img.a.transfermarkt.technology/portrait/header/52897-1410955079.jpg
74747|Uendel|https://img.a.transfermarkt.technology/portrait/header/74747-1580199744.jpg
791721|Kawe|https://img.a.transfermarkt.technology/portrait/header/default.jpg
580572|Weverton|https://img.a.transfermarkt.technology/portrait/header/580572-1631628939.jpg
264343|Pablo Dyego|https://img.a.transfermarkt.technology/portrait/header/264343-1495716154.png
323838|Juan Quintero|https://img.a.transfermarkt.technology/portrait/header/323838-1585209003.jpg
476339|Marcelo Benevenuto|https://img.a.transfermarkt.technology/portrait/header/476339-1589359905.jpg
668228|Matheus Martins|https://img.a.transfermarkt.technology/portrait/header/668228-1623763654.jpg
875339|Joao Neto|https://img.a.transfermarkt.technology/portrait/header/default.jpg
72451|Nino Paraiba|https://img.a.transfermarkt.technology/portrait/header/default.jpg
327912|Lucas Venuto|https://img.a.transfermarkt.technology/portrait/header/327912-1550777263.jpg
546033|Sabino|https://img.a.transfermarkt.technology/portrait/header/546033-1599126279.jpg
570582|Darlan|https://img.a.transfermarkt.technology/portrait/header/570582-1571662768.jpg
627231|Neto|https://img.a.transfermarkt.technology/portrait/header/627231-1613386987.jpg
902438|Werton|https://img.a.transfermarkt.technology/portrait/header/default.jpg
596586|Moraes|https://img.a.transfermarkt.technology/portrait/header/596586-1625658205.jpg
660840|Juan Manuel Cuesta|https://img.a.transfermarkt.technology/portrait/header/660840-1612186616.jpg
671145|Joao Victor|https://img.a.transfermarkt.technology/portrait/header/671145-1623878868.jpg
113336|Alan Santos|https://img.a.transfermarkt.technology/portrait/header/s_113336_221_2012_1.jpg
205179|Jadson|https://img.a.transfermarkt.technology/portrait/header/205179-1408697699.jpg
875511|Paulo Victor|https://img.a.transfermarkt.technology/portrait/header/875511-1631628777.jpg
215390|Gustavo Gomez|https://img.a.transfermarkt.technology/portrait/header/215390-1474297819.jpg
349583|Raniel|https://img.a.transfermarkt.technology/portrait/header/349583-1597052442.jpg
114937|Dudu|https://img.a.transfermarkt.technology/portrait/header/114937-1483707641.jpg
552912|Bruno Mendez|https://img.a.transfermarkt.technology/portrait/header/552912-1558943297.png
351898|Leandrinho|https://img.a.transfermarkt.technology/portrait/header/351898-1561983516.jpg
678502|Guilherme Lopes|https://img.a.transfermarkt.technology/portrait/header/default.jpg
668268|Marquinhos|https://img.a.transfermarkt.technology/portrait/header/668268-1626960774.jpg
787269|Fabricio Daniel|https://img.a.transfermarkt.technology/portrait/header/default.jpg
879236|Ze Vitor|https://img.a.transfermarkt.technology/portrait/header/default.jpg
901014|Gustavo Apis|https://img.a.transfermarkt.technology/portrait/header/default.jpg
27349|Muriel|https://img.a.transfermarkt.technology/portrait/header/27349-1548254489.jpg
45720|Wagner|https://img.a.transfermarkt.technology/portrait/header/45720-1601471561.jpg
834443|Tiago Coser|https://img.a.transfermarkt.technology/portrait/header/834443-1625467122.jpg
27346|Marcelo Boeck|https://img.a.transfermarkt.technology/portrait/header/27346-1445431960.jpg
193135|Jackson|https://img.a.transfermarkt.technology/portrait/header/s_193135_6600_2012_2.jpg
55484|Marcio Azevedo|https://img.a.transfermarkt.technology/portrait/header/55484-1487325711.jpg
692933|Cristiano|https://img.a.transfermarkt.technology/portrait/header/default.jpg
400960|Alan Franco|https://img.a.transfermarkt.technology/portrait/header/400960-1646522205.jpg
273000|Junior Alonso|https://img.a.transfermarkt.technology/portrait/header/273000-1642594917.png
61856|Cesar Pinares|https://img.a.transfermarkt.technology/portrait/header/61856-1493720210.jpg
856085|John Kennedy|https://img.a.transfermarkt.technology/portrait/header/856085-1623767764.jpg
815673|Fernando Henrique|https://img.a.transfermarkt.technology/portrait/header/default.jpg
14881|Marcelo Carne|https://img.a.transfermarkt.technology/portrait/header/s_14881_614_2012_1.jpg
328758|Ronaldo|https://img.a.transfermarkt.technology/portrait/header/328758-1598862515.jpg
515496|Mailson|https://img.a.transfermarkt.technology/portrait/header/515496-1597909620.jpg
552548|Guilherme Guedes|https://img.a.transfermarkt.technology/portrait/header/552548-1624915105.jpg
546530|Raniele|https://img.a.transfermarkt.technology/portrait/header/default.jpg
139867|Robert Arboleda|https://img.a.transfermarkt.technology/portrait/header/139867-1559030135.jpg
691906|Bento|https://img.a.transfermarkt.technology/portrait/header/691906-1625157619.jpg
696604|Airton|https://img.a.transfermarkt.technology/portrait/header/696604-1606988933.jpg
539224|Dawhan|https://img.a.transfermarkt.technology/portrait/header/539224-1633008698.jpg
627221|Gabriel Veron|https://img.a.transfermarkt.technology/portrait/header/627221-1599476850.jpg
2989|Paolo Guerrero|https://img.a.transfermarkt.technology/portrait/header/2989-1528720015.jpg
653349|Jaderson|https://img.a.transfermarkt.technology/portrait/header/default.jpg
676035|Luciano Juba|https://img.a.transfermarkt.technology/portrait/header/676035-1598862635.jpg
866670|Ronaldo|https://img.a.transfermarkt.technology/portrait/header/default.jpg
676034|Ewerthon|https://img.a.transfermarkt.technology/portrait/header/default.jpg
671572|Wagner Leonardo|https://img.a.transfermarkt.technology/portrait/header/default.jpg
813109|Bruno Marques|https://img.a.transfermarkt.technology/portrait/header/813109-1624016742.jpg
417084|Keiller|https://img.a.transfermarkt.technology/portrait/header/417084-1580200023.jpg
210548|Fabinho|https://img.a.transfermarkt.technology/portrait/header/default.jpg
588989|Jhon Arias|https://img.a.transfermarkt.technology/portrait/header/588989-1617722012.jpg
459115|Jan Hurtado|https://img.a.transfermarkt.technology/portrait/header/459115-1623680517.jpg
729284|Cristiano|https://img.a.transfermarkt.technology/portrait/header/729284-1640806797.jpg
658664|Vinicius Mingotti|https://img.a.transfermarkt.technology/portrait/header/658664-1597912930.jpg
352041|Lucas Perri|https://img.a.transfermarkt.technology/portrait/header/352041-1484829107.jpg
37934|Hugo Rodallega|https://img.a.transfermarkt.technology/portrait/header/37934-1572967382.JPG
54375|Giuliano|https://img.a.transfermarkt.technology/portrait/header/54375-1622820389.jpg
91846|Roberson|https://img.a.transfermarkt.technology/portrait/header/s_91846_2035_2012_1.jpg
613201|Edwin Mosquera|https://img.a.transfermarkt.technology/portrait/header/613201-1624543560.png
515638|Erick|https://img.a.transfermarkt.technology/portrait/header/515638-1543835013.jpg
181784|Matheus Barbosa|https://img.a.transfermarkt.technology/portrait/header/181784-1633008398.jpg
316067|Wanderson|https://img.a.transfermarkt.technology/portrait/header/316067-1554731562.jpg
593653|Denner|https://img.a.transfermarkt.technology/portrait/header/default.jpg
668234|Bruninho|https://img.a.transfermarkt.technology/portrait/header/668234-1635000577.png
69400|Weverton|https://img.a.transfermarkt.technology/portrait/header/69400-1547648498.jpg
419420|Everton Felipe|https://img.a.transfermarkt.technology/portrait/header/419420-1484150034.jpg
612342|Chico|https://img.a.transfermarkt.technology/portrait/header/612342-1606821778.jpg
574772|Lazaro|https://img.a.transfermarkt.technology/portrait/header/574772-1574058091.jpg
53058|Renato Augusto|https://img.a.transfermarkt.technology/portrait/header/53058-1509544256.jpg
189740|Angelo Henriquez|https://img.a.transfermarkt.technology/portrait/header/s_189740_1071_2013_01_02_1.jpg
353279|Edinho|https://img.a.transfermarkt.technology/portrait/header/353279-1626939799.jpg
148231|Lucas Mugni|https://img.a.transfermarkt.technology/portrait/header/148231-1612376706.jpeg
740299|Andre|https://img.a.transfermarkt.technology/portrait/header/740299-1620940251.png
658674|Luan Patrick|https://img.a.transfermarkt.technology/portrait/header/658674-1572442805.png
178941|Joilson|https://img.a.transfermarkt.technology/portrait/header/s_178941_7178_2012_1.jpg
627099|Isaque|https://img.a.transfermarkt.technology/portrait/header/627099-1597912178.jpg
52828|Kadu|https://img.a.transfermarkt.technology/portrait/header/s_52828_1075_2014_02_07_1.jpg
592373|Oliveira|https://img.a.transfermarkt.technology/portrait/header/592373-1634632889.jpg
198143|Brian Montenegro|https://img.a.transfermarkt.technology/portrait/header/198143-1575542554.jpg
525518|Laercio|https://img.a.transfermarkt.technology/portrait/header/525518-1625467210.jpg
373299|Matheus Ribeiro|https://img.a.transfermarkt.technology/portrait/header/373299-1598865602.jpg
925861|Rai|https://img.a.transfermarkt.technology/portrait/header/default.jpg
110650|Ricardo Bueno|https://img.a.transfermarkt.technology/portrait/header/s_110650_4064_2012_1.jpg
496268|Joaquin Piquerez|https://img.a.transfermarkt.technology/portrait/header/496268-1581878752.jpg
47592|Fagner|https://img.a.transfermarkt.technology/portrait/header/47592-1512665647.jpg
906774|Du Queiroz|https://img.a.transfermarkt.technology/portrait/header/default.jpg
45319|Gabriel Mercado|https://img.a.transfermarkt.technology/portrait/header/45319-1418827134.jpg
323944|Vitinho|https://img.a.transfermarkt.technology/portrait/header/323944-1485420673.jpg
322059|Leandro Barcia|https://img.a.transfermarkt.technology/portrait/header/322059-1475692690.jpg
910216|Marcelo|https://img.a.transfermarkt.technology/portrait/header/default.jpg
631275|Luiz Henrique|https://img.a.transfermarkt.technology/portrait/header/631275-1597994997.jpg
816143|Robson Reis|https://img.a.transfermarkt.technology/portrait/header/816143-1643988946.jpg
362844|Pedro Rocha|https://img.a.transfermarkt.technology/portrait/header/362844-1553895661.png
736954|Gabriel Pereira|https://img.a.transfermarkt.technology/portrait/header/736954-1647547952.jpg
119197|Orlando Berrio|https://img.a.transfermarkt.technology/portrait/header/119197-1634632682.jpg
662332|Juan|https://img.a.transfermarkt.technology/portrait/header/default.jpg
529609|Rickson|https://img.a.transfermarkt.technology/portrait/header/default.jpg
44779|Diego Costa|https://img.a.transfermarkt.technology/portrait/header/44779-1453805669.jpg
629077|Matheus Mendes|https://img.a.transfermarkt.technology/portrait/header/629077-1625155192.jpg
232847|Lucas Lima|https://img.a.transfermarkt.technology/portrait/header/232847-1624436030.jpg
540950|Walber|https://img.a.transfermarkt.technology/portrait/header/default.jpg
518723|Luizao|https://img.a.transfermarkt.technology/portrait/header/518723-1611773716.png
221899|Leo Baptistao|https://img.a.transfermarkt.technology/portrait/header/221899-1447255084.jpg
348263|Roger Guedes|https://img.a.transfermarkt.technology/portrait/header/348263-1483531190.jpg
284727|Jonathan Calleri|https://img.a.transfermarkt.technology/portrait/header/284727-1583506567.jpg
26456|Mauro Zarate|https://img.a.transfermarkt.technology/portrait/header/26456-1453384059.jpg
662033|Gabriel Santos|https://img.a.transfermarkt.technology/portrait/header/662033-1612038792.png
733578|Igor|https://img.a.transfermarkt.technology/portrait/header/default.jpg
265693|Luiz Otavio|https://img.a.transfermarkt.technology/portrait/header/265693-1560851549.jpg
707447|Emiliano Martinez|https://img.a.transfermarkt.technology/portrait/header/default.jpg
947079|Luciano|https://img.a.transfermarkt.technology/portrait/header/default.jpg
730985|Gonzalo|https://img.a.transfermarkt.technology/portrait/header/default.jpg
436385|Mathias Villasanti|https://img.a.transfermarkt.technology/portrait/header/436385-1568147700.jpg
874853|Mateus Sarara|https://img.a.transfermarkt.technology/portrait/header/default.jpg
145602|Nicolas Castillo|https://img.a.transfermarkt.technology/portrait/header/145602-1565165397.png
260801|Eugenio Isnaldo|https://img.a.transfermarkt.technology/portrait/header/260801-1621170337.jpg
76120|Everton|https://img.a.transfermarkt.technology/portrait/header/76120-1524123758.jpg
792345|Raul Gustavo|https://img.a.transfermarkt.technology/portrait/header/792345-1623878613.jpg
454181|Gabriel Neves|https://img.a.transfermarkt.technology/portrait/header/454181-1475692958.jpg
53226|David Braz|https://img.a.transfermarkt.technology/portrait/header/53226-1571658415.jpg
351892|Matheus Fernandes|https://img.a.transfermarkt.technology/portrait/header/351892-1542185494.jpg
442258|Nicolas|https://img.a.transfermarkt.technology/portrait/header/442258-1554731749.jpg
374094|Douglas Friedrich|https://img.a.transfermarkt.technology/portrait/header/374094-1544194413.jpg
865572|Geovane|https://img.a.transfermarkt.technology/portrait/header/default.jpg
697056|Valentin Depietri|https://img.a.transfermarkt.technology/portrait/header/default.jpg
813050|Gabriel Falcao|https://img.a.transfermarkt.technology/portrait/header/default.jpg
52769|Willian|https://img.a.transfermarkt.technology/portrait/header/52769-1575041246.jpg
878037|Gabriel Grando|https://img.a.transfermarkt.technology/portrait/header/878037-1624899167.jpg
874287|Gustavo Nescau|https://img.a.transfermarkt.technology/portrait/header/default.jpg
406675|Marlon|https://img.a.transfermarkt.technology/portrait/header/406675-1602167343.png
345084|Jorge|https://img.a.transfermarkt.technology/portrait/header/345084-1542105366.png
902135|Cristiano|https://img.a.transfermarkt.technology/portrait/header/default.jpg
203060|Lucas Fonseca|https://img.a.transfermarkt.technology/portrait/header/203060-1598861820.jpg
745163|Gustavo Henrique|https://img.a.transfermarkt.technology/portrait/header/default.jpg
752560|Gustavo Maia|https://img.a.transfermarkt.technology/portrait/header/752560-1600756807.JPG
37536|Diego Tardelli|https://img.a.transfermarkt.technology/portrait/header/37536-1413038743.jpg
164015|Pedro Henrique|https://img.a.transfermarkt.technology/portrait/header/164015-1547404408.png
169179|Alan Empereur|https://img.a.transfermarkt.technology/portrait/header/169179-1567668905.jpg
931565|Juninho|https://img.a.transfermarkt.technology/portrait/header/default.jpg
942396|Rodriguinho|https://img.a.transfermarkt.technology/portrait/header/default.jpg
137726|Rene Junior|https://img.a.transfermarkt.technology/portrait/header/137726-1580198547.jpg
445101|Rodrigues|https://img.a.transfermarkt.technology/portrait/header/445101-1571658482.jpg
446850|Juan Pablo Ramirez|https://img.a.transfermarkt.technology/portrait/header/446850-1608542359.jpg
866884|Pedro Victor|https://img.a.transfermarkt.technology/portrait/header/default.jpg
68747|Diego Churin|https://img.a.transfermarkt.technology/portrait/header/68747-1487335005.jpg
814269|Gustavo Mantuan|https://img.a.transfermarkt.technology/portrait/header/default.jpg
483499|Rai Nascimento|https://img.a.transfermarkt.technology/portrait/header/483499-1611668825.jpg
868060|Matheus Cadorini|https://img.a.transfermarkt.technology/portrait/header/default.jpg
942096|Marco Junior|https://img.a.transfermarkt.technology/portrait/header/default.jpg
530421|Daniel|https://img.a.transfermarkt.technology/portrait/header/530421-1580200254.jpg
519875|Jobson|https://img.a.transfermarkt.technology/portrait/header/519875-1597924367.jpg
53965|Guilherme Santos|https://img.a.transfermarkt.technology/portrait/header/s_53965_15172_2012_1.jpg
813044|Elias Manoel|https://img.a.transfermarkt.technology/portrait/header/813044-1625146080.jpg
159893|Richard|https://img.a.transfermarkt.technology/portrait/header/159893-1606823720.jpg
103743|Henrique Almeida|https://img.a.transfermarkt.technology/portrait/header/103743-1548346961.png
729266|Lucas Fasson|https://img.a.transfermarkt.technology/portrait/header/729266-1633008277.jpg
435211|Jefferson|https://img.a.transfermarkt.technology/portrait/header/435211-1597995786.jpg
625333|Rafael Bilu|https://img.a.transfermarkt.technology/portrait/header/default.jpg
658665|Kleiton|https://img.a.transfermarkt.technology/portrait/header/default.jpg
633377|Kaique Rocha|https://img.a.transfermarkt.technology/portrait/header/633377-1604409330.jpg
647540|Douglas Borel|https://img.a.transfermarkt.technology/portrait/header/default.jpg
189458|Emiliano Velazquez|https://img.a.transfermarkt.technology/portrait/header/189458-1479476404.jpg
42373|Diego Alves|https://img.a.transfermarkt.technology/portrait/header/42373-1543845950.jpg
273250|Luan Polli|https://img.a.transfermarkt.technology/portrait/header/273250-1599211160.jpg
140811|Santos|https://img.a.transfermarkt.technology/portrait/header/140811-1554731294.jpg
54274|Matheus Cavichioli|https://img.a.transfermarkt.technology/portrait/header/default.jpg
46741|David Luiz|https://img.a.transfermarkt.technology/portrait/header/46741-1472656986.jpg
642721|Matias Lacava|https://img.a.transfermarkt.technology/portrait/header/default.jpg
75437|Werley|https://img.a.transfermarkt.technology/portrait/header/75437-1620117251.jpg
528004|Leo Passos|https://img.a.transfermarkt.technology/portrait/header/528004-1558041180.jpeg
520082|Carlos Eduardo|https://img.a.transfermarkt.technology/portrait/header/520082-1625151608.jpg
957874|Romulo|https://img.a.transfermarkt.technology/portrait/header/default.jpg
651477|Cesar Haydar|https://img.a.transfermarkt.technology/portrait/header/default.jpg
749557|Thauan Lara|https://img.a.transfermarkt.technology/portrait/header/default.jpg
735790|Daniel|https://img.a.transfermarkt.technology/portrait/header/default.jpg
744904|Flavio Souza|https://img.a.transfermarkt.technology/portrait/header/default.jpg
574768|Sandry|https://img.a.transfermarkt.technology/portrait/header/574768-1595158687.jpg
342024|Joao Pedro|https://img.a.transfermarkt.technology/portrait/header/342024-1542105407.png
269860|Walter|https://img.a.transfermarkt.technology/portrait/header/269860-1580198215.jpg
739439|Alexandre Jesus|https://img.a.transfermarkt.technology/portrait/header/default.jpg
574901|Hugo Souza|https://img.a.transfermarkt.technology/portrait/header/574901-1541567933.jpg
627224|Gabriel Silva|https://img.a.transfermarkt.technology/portrait/header/627224-1598272630.jpg
749560|Giovani|https://img.a.transfermarkt.technology/portrait/header/749560-1622197914.jpg
887834|Michel|https://img.a.transfermarkt.technology/portrait/header/default.jpg
816129|Vanderlan|https://img.a.transfermarkt.technology/portrait/header/default.jpg
900195|Kevin|https://img.a.transfermarkt.technology/portrait/header/default.jpg
627230|Fabinho|https://img.a.transfermarkt.technology/portrait/header/default.jpg
637808|Pedro Bicalho|https://img.a.transfermarkt.technology/portrait/header/default.jpg
574758|Gustavo Garcia|https://img.a.transfermarkt.technology/portrait/header/574758-1595155750.jpg
809716|Lucas Freitas|https://img.a.transfermarkt.technology/portrait/header/default.jpg
550178|Bruno Tubarao|https://img.a.transfermarkt.technology/portrait/header/550178-1597922781.jpg
137159|Matheus Ferraz|https://img.a.transfermarkt.technology/portrait/header/137159-1623767550.jpg
743597|Matheus Franca|https://img.a.transfermarkt.technology/portrait/header/743597-1626626932.jpg
638305|Thiago|https://img.a.transfermarkt.technology/portrait/header/638305-1647978230.jpg
964596|Ryan|https://img.a.transfermarkt.technology/portrait/header/default.jpg
740167|Wallace|https://img.a.transfermarkt.technology/portrait/header/default.jpg
862873|Rafael Holstein|https://img.a.transfermarkt.technology/portrait/header/default.jpg
964599|Arthur Vanzela|https://img.a.transfermarkt.technology/portrait/header/default.jpg
906773|Felipe Vasconcelos|https://img.a.transfermarkt.technology/portrait/header/default.jpg
796742|Vitinho|https://img.a.transfermarkt.technology/portrait/header/default.jpg
964582|Jhonatan|https://img.a.transfermarkt.technology/portrait/header/default.jpg
752561|Lucas Sena|https://img.a.transfermarkt.technology/portrait/header/default.jpg
900203|Yago Santos|https://img.a.transfermarkt.technology/portrait/header/default.jpg
802646|Pierre|https://img.a.transfermarkt.technology/portrait/header/default.jpg
593205|Julimar|https://img.a.transfermarkt.technology/portrait/header/default.jpg
880349|Daniel Cruz|https://img.a.transfermarkt.technology/portrait/header/default.jpg
658676|Vinicius Kaue|https://img.a.transfermarkt.technology/portrait/header/default.jpg
795305|Italo|https://img.a.transfermarkt.technology/portrait/header/default.jpg
919262|Andre Luiz|https://img.a.transfermarkt.technology/portrait/header/default.jpg
627215|Gabriel Noga|https://img.a.transfermarkt.technology/portrait/header/627215-1595157426.jpg